{
  "session_id": "session_run_042",
  "metrics": {
    "METRIC-SC001-001": 35.449999999999996,
    "METRIC-SC002-001": 1.5835002251867314,
    "METRIC-SC003-001": 3,
    "METRIC-REJECT-COST": 0.0,
    "METRIC-CONFIRM-LAZY": 0.0,
    "METRIC-INFO-DENSITY": 0.0,
    "METRIC-PREDICT": 0.0
  },
  "computation_timestamp": "2026-01-10T00:00:00Z"
}